Absorber,Thickness,Defect,Donor_density,PCE,,,
CsPbI3,0.1,1000000000000,10000000000,5.89812174,,,
CsPbI3,0.1,1000000000000,100000000000,5.89812159,,,
CsPbI3,0.1,1000000000000,1000000000000,5.89812018,,,
CsPbI3,0.1,1000000000000,10000000000000,5.89810601,,,
CsPbI3,0.1,1000000000000,100000000000000,5.89796424,,,
CsPbI3,0.1,1000000000000,1E15,5.89653962,,,
CsPbI3,0.1,10000000000000,10000000000,5.89715518,,,
CsPbI3,0.1,10000000000000,100000000000,5.89715504,,,
CsPbI3,0.1,10000000000000,1000000000000,5.8971536,,,
CsPbI3,0.1,10000000000000,10000000000000,5.89713918,,,
CsPbI3,0.1,10000000000000,100000000000000,5.89699497,,,
CsPbI3,0.1,10000000000000,1E15,5.89554518,,,
CsPbI3,0.1,100000000000000,10000000000,5.88767553,,,
CsPbI3,0.1,100000000000000,100000000000,5.88767537,,,
CsPbI3,0.1,100000000000000,1000000000000,5.88767369,,,
CsPbI3,0.1,100000000000000,10000000000000,5.88765695,,,
CsPbI3,0.1,100000000000000,100000000000000,5.88748934,,,
CsPbI3,0.1,100000000000000,1E15,5.885799,,,
CsPbI3,0.1,1E15,10000000000,5.80650392,,,
CsPbI3,0.1,1E15,100000000000,5.80650358,,,
CsPbI3,0.1,1E15,1000000000000,5.80650025,,,
CsPbI3,0.1,1E15,10000000000000,5.80646689,,,
CsPbI3,0.1,1E15,100000000000000,5.8061328,,,
CsPbI3,0.1,1E15,1E15,5.8027361,,,
CsPbI3,0.1,1E16,10000000000,5.45826408,,,
CsPbI3,0.1,1E16,100000000000,5.45826343,,,
CsPbI3,0.1,1E16,1000000000000,5.45825699,,,
CsPbI3,0.1,1E16,10000000000000,5.4581925,,,
CsPbI3,0.1,1E16,100000000000000,5.45754625,,,
CsPbI3,0.1,1E16,1E15,5.45094346,,,
CsPbI3,0.2,1000000000000,10000000000,8.71477187,,,
CsPbI3,0.2,1000000000000,100000000000,8.71477178,,,
CsPbI3,0.2,1000000000000,1000000000000,8.71477083,,,
CsPbI3,0.2,1000000000000,10000000000000,8.71476134,,,
CsPbI3,0.2,1000000000000,100000000000000,8.71466617,,,
CsPbI3,0.2,1000000000000,1E15,8.71373395,,,
CsPbI3,0.2,10000000000000,10000000000,8.70805498,,,
CsPbI3,0.2,10000000000000,100000000000,8.70805483,,,
CsPbI3,0.2,10000000000000,1000000000000,8.70805332,,,
CsPbI3,0.2,10000000000000,10000000000000,8.70803822,,,
CsPbI3,0.2,10000000000000,100000000000000,8.7078865,,,
CsPbI3,0.2,10000000000000,1E15,8.70634293,,,
CsPbI3,0.2,100000000000000,10000000000,8.64304585,,,
CsPbI3,0.2,100000000000000,100000000000,8.64304521,,,
CsPbI3,0.2,100000000000000,1000000000000,8.6430388,,,
CsPbI3,0.2,100000000000000,10000000000000,8.64297466,,,
CsPbI3,0.2,100000000000000,100000000000000,8.6423289,,,
CsPbI3,0.2,100000000000000,1E15,8.63546788,,,
CsPbI3,0.2,1E15,10000000000,8.25894383,,,
CsPbI3,0.2,1E15,100000000000,8.25894145,,,
CsPbI3,0.2,1E15,1000000000000,8.25891764,,,
CsPbI3,0.2,1E15,10000000000000,8.25867939,,,
CsPbI3,0.2,1E15,100000000000000,8.25630428,,,
CsPbI3,0.2,1E15,1E15,8.23095299,,,
CsPbI3,0.2,1E16,10000000000,7.38535897,,,
CsPbI3,0.2,1E16,100000000000,7.38535649,,,
CsPbI3,0.2,1E16,1000000000000,7.38533171,,,
CsPbI3,0.2,1E16,10000000000000,7.38508364,,,
CsPbI3,0.2,1E16,100000000000000,7.38257245,,,
CsPbI3,0.2,1E16,1E15,7.35426228,,,
CsPbI3,0.3,1000000000000,10000000000,10.4427372,,,
CsPbI3,0.3,1000000000000,100000000000,10.4427371,,,
CsPbI3,0.3,1000000000000,1000000000000,10.442736,,,
CsPbI3,0.3,1000000000000,10000000000000,10.4427255,,,
CsPbI3,0.3,1000000000000,100000000000000,10.4426197,,,
CsPbI3,0.3,1000000000000,1E15,10.4414506,,,
CsPbI3,0.3,10000000000000,10000000000,10.4256986,,,
CsPbI3,0.3,10000000000000,100000000000,10.4256982,,,
CsPbI3,0.3,10000000000000,1000000000000,10.4256946,,,
CsPbI3,0.3,10000000000000,10000000000000,10.4256577,,,
CsPbI3,0.3,10000000000000,100000000000000,10.4252843,,,
CsPbI3,0.3,10000000000000,1E15,10.4210892,,,
CsPbI3,0.3,100000000000000,10000000000,10.2767841,,,
CsPbI3,0.3,100000000000000,100000000000,10.2767816,,,
CsPbI3,0.3,100000000000000,1000000000000,10.2767571,,,
CsPbI3,0.3,100000000000000,10000000000000,10.2765116,,,
CsPbI3,0.3,100000000000000,100000000000000,10.2740249,,,
CsPbI3,0.3,100000000000000,1E15,10.245874,,,
CsPbI3,0.3,1E15,10000000000,9.56777487,,,
CsPbI3,0.3,1E15,100000000000,9.56776797,,,
CsPbI3,0.3,1E15,1000000000000,9.56769886,,,
CsPbI3,0.3,1E15,10000000000000,9.56700718,,,
CsPbI3,0.3,1E15,100000000000000,9.56002319,,,
CsPbI3,0.3,1E15,1E15,9.48275454,,,
CsPbI3,0.3,1E16,10000000000,8.34934646,,,
CsPbI3,0.3,1E16,100000000000,8.34934158,,,
CsPbI3,0.3,1E16,1000000000000,8.34929277,,,
CsPbI3,0.3,1E16,10000000000000,8.34880325,,,
CsPbI3,0.3,1E16,100000000000000,8.34375763,,,
CsPbI3,0.3,1E16,1E15,8.27580869,,,
CsPbI3,0.4,1000000000000,10000000000,11.5453924,,,
CsPbI3,0.4,1000000000000,100000000000,11.5453922,,,
CsPbI3,0.4,1000000000000,1000000000000,11.5453905,,,
CsPbI3,0.4,1000000000000,10000000000000,11.5453735,,,
CsPbI3,0.4,1000000000000,100000000000000,11.5452001,,,
CsPbI3,0.4,1000000000000,1E15,11.5431331,,,
CsPbI3,0.4,10000000000000,10000000000,11.5158725,,,
CsPbI3,0.4,10000000000000,100000000000,11.5158717,,,
CsPbI3,0.4,10000000000000,1000000000000,11.5158634,,,
CsPbI3,0.4,10000000000000,10000000000000,11.5157803,,,
CsPbI3,0.4,10000000000000,100000000000000,11.5149342,,,
CsPbI3,0.4,10000000000000,1E15,11.5050595,,,
CsPbI3,0.4,100000000000000,10000000000,11.2670262,,,
CsPbI3,0.4,100000000000000,100000000000,11.2670206,,,
CsPbI3,0.4,100000000000000,1000000000000,11.2669642,,,
CsPbI3,0.4,100000000000000,10000000000000,11.2663991,,,
CsPbI3,0.4,100000000000000,100000000000000,11.2606412,,,
CsPbI3,0.4,100000000000000,1E15,11.18996,,,
CsPbI3,0.4,1E15,10000000000,10.3061021,,,
CsPbI3,0.4,1E15,100000000000,10.3060896,,,
CsPbI3,0.4,1E15,1000000000000,10.3059651,,,
CsPbI3,0.4,1E15,10000000000000,10.3047182,,,
CsPbI3,0.4,1E15,100000000000000,10.2920381,,,
CsPbI3,0.4,1E15,1E15,10.1415544,,,
CsPbI3,0.4,1E16,10000000000,8.85333771,,,
CsPbI3,0.4,1E16,100000000000,8.85333114,,,
CsPbI3,0.4,1E16,1000000000000,8.85326538,,,
CsPbI3,0.4,1E16,10000000000000,8.85260423,,,
CsPbI3,0.4,1E16,100000000000000,8.84562218,,,
CsPbI3,0.4,1E16,1E15,8.72464829,,,
CsPbI3,0.5,1000000000000,10000000000,12.2695312,,,
CsPbI3,0.5,1000000000000,100000000000,12.2695309,,,
CsPbI3,0.5,1000000000000,1000000000000,12.2695282,,,
CsPbI3,0.5,1000000000000,10000000000000,12.269501,,,
CsPbI3,0.5,1000000000000,100000000000000,12.2692586,,,
CsPbI3,0.5,1000000000000,1E15,12.2657256,,,
CsPbI3,0.5,10000000000000,10000000000,12.22688,,,
CsPbI3,0.5,10000000000000,100000000000,12.2268786,,,
CsPbI3,0.5,10000000000000,1000000000000,12.2268639,,,
CsPbI3,0.5,10000000000000,10000000000000,12.2267164,,,
CsPbI3,0.5,10000000000000,100000000000000,12.225245,,,
CsPbI3,0.5,10000000000000,1E15,12.2073068,,,
CsPbI3,0.5,100000000000000,10000000000,11.8822299,,,
CsPbI3,0.5,100000000000000,100000000000,11.8822202,,,
CsPbI3,0.5,100000000000000,1000000000000,11.8821239,,,
CsPbI3,0.5,100000000000000,10000000000000,11.8811586,,,
CsPbI3,0.5,100000000000000,100000000000000,11.8713235,,,
CsPbI3,0.5,100000000000000,1E15,11.7493585,,,
CsPbI3,0.5,1E15,10000000000,10.7372506,,,
CsPbI3,0.5,1E15,100000000000,10.7372331,,,
CsPbI3,0.5,1E15,1000000000000,10.7370579,,,
CsPbI3,0.5,1E15,10000000000000,10.7353028,,,
CsPbI3,0.5,1E15,100000000000000,10.7174115,,,
CsPbI3,0.5,1E15,1E15,10.4876756,,,
CsPbI3,0.5,1E16,10000000000,9.11747336,,,
CsPbI3,0.5,1E16,100000000000,9.11746621,,,
CsPbI3,0.5,1E16,1000000000000,9.11739464,,,
CsPbI3,0.5,1E16,10000000000000,9.11667323,,,
CsPbI3,0.5,1E16,100000000000000,9.10889386,,,
CsPbI3,0.5,1E16,1E15,8.92528031,,,
CsPbI3,0.6,1000000000000,10000000000,12.7634708,,,
CsPbI3,0.6,1000000000000,100000000000,12.7634704,,,
CsPbI3,0.6,1000000000000,1000000000000,12.7634665,,,
CsPbI3,0.6,1000000000000,10000000000000,12.763427,,,
CsPbI3,0.6,1000000000000,100000000000000,12.7630503,,,
CsPbI3,0.6,1000000000000,1E15,12.7577125,,,
CsPbI3,0.6,10000000000000,10000000000,12.7076091,,,
CsPbI3,0.6,10000000000000,100000000000,12.7076069,,,
CsPbI3,0.6,10000000000000,1000000000000,12.7075847,,,
CsPbI3,0.6,10000000000000,10000000000000,12.7073619,,,
CsPbI3,0.6,10000000000000,100000000000000,12.7051009,,,
CsPbI3,0.6,10000000000000,1E15,12.6776814,,,
CsPbI3,0.6,100000000000000,10000000000,12.2783032,,,
CsPbI3,0.6,100000000000000,100000000000,12.2782895,,,
CsPbI3,0.6,100000000000000,1000000000000,12.2781525,,,
CsPbI3,0.6,100000000000000,10000000000000,12.2767782,,,
CsPbI3,0.6,100000000000000,100000000000000,12.262657,,,
CsPbI3,0.6,100000000000000,1E15,12.0789839,,,
CsPbI3,0.6,1E15,10000000000,10.9979516,,,
CsPbI3,0.6,1E15,100000000000,10.9979297,,,
CsPbI3,0.6,1E15,1000000000000,10.9977102,,,
CsPbI3,0.6,1E15,10000000000000,10.9932706,,,
CsPbI3,0.6,1E15,100000000000000,10.9707742,,,
CsPbI3,0.6,1E15,1E15,10.6614758,,,
CsPbI3,0.6,1E16,10000000000,9.24816455,,,
CsPbI3,0.6,1E16,100000000000,9.24815713,,,
CsPbI3,0.6,1E16,1000000000000,9.24808282,,,
CsPbI3,0.6,1E16,10000000000000,9.24733355,,,
CsPbI3,0.6,1E16,100000000000000,9.23921595,,,
CsPbI3,0.6,1E16,1E15,8.99259592,,,
CsPbI3,0.7,1000000000000,10000000000,13.1109179,,,
CsPbI3,0.7,1000000000000,100000000000,13.1109174,,,
CsPbI3,0.7,1000000000000,1000000000000,13.1109121,,,
CsPbI3,0.7,1000000000000,10000000000000,13.1108593,,,
CsPbI3,0.7,1000000000000,100000000000000,13.1102713,,,
CsPbI3,0.7,1000000000000,1E15,13.1029498,,,
CsPbI3,0.7,10000000000000,10000000000,13.0420499,,,
CsPbI3,0.7,10000000000000,100000000000,13.0420469,,,
CsPbI3,0.7,10000000000000,1000000000000,13.0420167,,,
CsPbI3,0.7,10000000000000,10000000000000,13.0417137,,,
CsPbI3,0.7,10000000000000,100000000000000,13.0385426,,,
CsPbI3,0.7,10000000000000,1E15,13.0009346,,,
CsPbI3,0.7,100000000000000,10000000000,12.5373772,,,
CsPbI3,0.7,100000000000000,100000000000,12.5373597,,,
CsPbI3,0.7,100000000000000,1000000000000,12.5371844,,,
CsPbI3,0.7,100000000000000,10000000000000,12.5354254,,,
CsPbI3,0.7,100000000000000,100000000000000,12.5171748,,,
CsPbI3,0.7,100000000000000,1E15,12.2667839,,,
CsPbI3,0.7,1E15,10000000000,11.1528136,,,
CsPbI3,0.7,1E15,100000000000,11.1527887,,,
CsPbI3,0.7,1E15,1000000000000,11.15254,,,
CsPbI3,0.7,1E15,10000000000000,11.1500455,,,
CsPbI3,0.7,1E15,100000000000000,11.1243121,,,
CsPbI3,0.7,1E15,1E15,10.7363183,,,
CsPbI3,0.7,1E16,10000000000,9.31132698,,,
CsPbI3,0.7,1E16,100000000000,9.31131907,,,
CsPbI3,0.7,1E16,1000000000000,9.3112399,,,
CsPbI3,0.7,1E16,10000000000000,9.31044181,,,
CsPbI3,0.7,1E16,100000000000000,9.30174074,,,
CsPbI3,0.7,1E16,1E15,8.99039768,,,
CsPbI3,0.8,1000000000000,10000000000,13.3622104,,,
CsPbI3,0.8,1000000000000,100000000000,13.3622098,,,
CsPbI3,0.8,1000000000000,1000000000000,13.3622031,,,
CsPbI3,0.8,1000000000000,10000000000000,13.3621366,,,
CsPbI3,0.8,1000000000000,100000000000000,13.3614615,,,
CsPbI3,0.8,1000000000000,1E15,13.3517845,,,
CsPbI3,0.8,10000000000000,10000000000,13.2806228,,,
CsPbI3,0.8,10000000000000,100000000000,13.280619,,,
CsPbI3,0.8,10000000000000,1000000000000,13.2805807,,,
CsPbI3,0.8,10000000000000,10000000000000,13.2801964,,,
CsPbI3,0.8,10000000000000,100000000000000,13.2762307,,,
CsPbI3,0.8,10000000000000,1E15,13.2278382,,,
CsPbI3,0.8,100000000000000,10000000000,12.7088555,,,
CsPbI3,0.8,100000000000000,100000000000,12.7088345,,,
CsPbI3,0.8,100000000000000,1000000000000,12.7086248,,,
CsPbI3,0.8,100000000000000,10000000000000,12.7065196,,,
CsPbI3,0.8,100000000000000,100000000000000,12.6846682,,,
CsPbI3,0.8,100000000000000,1E15,12.3696045,,,
CsPbI3,0.8,1E15,10000000000,11.2457878,,,
CsPbI3,0.8,1E15,100000000000,11.2457607,,,
CsPbI3,0.8,1E15,1000000000000,11.245489,,,
CsPbI3,0.8,1E15,10000000000000,11.2427624,,,
CsPbI3,0.8,1E15,100000000000000,11.2145318,,,
CsPbI3,0.8,1E15,1E15,10.7558618,,,
CsPbI3,0.8,1E16,10000000000,9.33793521,,,
CsPbI3,0.8,1E16,100000000000,9.33792628,,,
CsPbI3,0.8,1E16,1000000000000,9.33783687,,,
CsPbI3,0.8,1E16,10000000000000,9.33693616,,,
CsPbI3,0.8,1E16,100000000000000,9.32723761,,,
CsPbI3,0.8,1E16,1E15,8.94516535,,,
CsPbI3,0.9,1000000000000,10000000000,13.5485035,,,
CsPbI3,0.9,1000000000000,100000000000,13.5485027,,,
CsPbI3,0.9,1000000000000,1000000000000,13.5484947,,,
CsPbI3,0.9,1000000000000,10000000000000,13.5484143,,,
CsPbI3,0.9,1000000000000,100000000000000,13.5475721,,,
CsPbI3,0.9,1000000000000,1E15,13.5356563,,,
CsPbI3,0.9,10000000000000,10000000000,13.4544943,,,
CsPbI3,0.9,10000000000000,100000000000,13.4544897,,,
CsPbI3,0.9,10000000000000,1000000000000,13.4544433,,,
CsPbI3,0.9,10000000000000,10000000000000,13.4539781,,,
CsPbI3,0.9,10000000000000,100000000000000,13.4491324,,,
CsPbI3,0.9,10000000000000,1E15,13.3900009,,,
CsPbI3,0.9,100000000000000,10000000000,12.8225941,,,
CsPbI3,0.9,100000000000000,100000000000,12.8225701,,,
CsPbI3,0.9,100000000000000,1000000000000,12.8223299,,,
CsPbI3,0.9,100000000000000,10000000000000,12.8199176,,,
CsPbI3,0.9,100000000000000,100000000000000,12.7947211,,,
CsPbI3,0.9,100000000000000,1E15,12.417997,,,
CsPbI3,0.9,1E15,10000000000,11.2972048,,,
CsPbI3,0.9,1E15,100000000000,11.2971758,,,
CsPbI3,0.9,1E15,1000000000000,11.2968858,,,
CsPbI3,0.9,1E15,10000000000000,11.2939739,,,
CsPbI3,0.9,1E15,100000000000000,11.2612308,,,
CsPbI3,0.9,1E15,1E15,10.737472,,,
CsPbI3,0.9,1E16,10000000000,9.34626041,,,
CsPbI3,0.9,1E16,100000000000,9.34625017,,,
CsPbI3,0.9,1E16,1000000000000,9.34614768,,,
CsPbI3,0.9,1E16,10000000000000,9.34511566,,,
CsPbI3,0.9,1E16,100000000000000,9.33400787,,,
CsPbI3,0.9,1E16,1E15,8.88166842,,,
CsPbI3,1,1000000000000,10000000000,13.689567,,,
CsPbI3,1,1000000000000,100000000000,13.689566,,,
CsPbI3,1,1000000000000,1000000000000,13.6895566,,,
CsPbI3,1,1000000000000,10000000000000,13.6894624,,,
CsPbI3,1,1000000000000,100000000000000,13.6885392,,,
CsPbI3,1,1000000000000,1E15,13.6743422,,,
CsPbI3,1,10000000000000,10000000000,13.5834091,,,
CsPbI3,1,10000000000000,100000000000,13.5834037,,,
CsPbI3,1,10000000000000,1000000000000,13.5833494,,,
CsPbI3,1,10000000000000,10000000000000,13.5828047,,,
CsPbI3,1,10000000000000,100000000000000,13.5771892,,,
CsPbI3,1,10000000000000,1E15,13.5072662,,,
CsPbI3,1,100000000000000,10000000000,12.8970868,,,
CsPbI3,1,100000000000000,100000000000,12.89706,,,
CsPbI3,1,100000000000000,1000000000000,12.8967927,,,
CsPbI3,1,100000000000000,10000000000000,12.8941075,,,
CsPbI3,1,100000000000000,100000000000000,12.8636671,,,
CsPbI3,1,100000000000000,1E15,12.4297599,,,
CsPbI3,1,1E15,10000000000,11.3189143,,,
CsPbI3,1,1E15,100000000000,11.3188843,,,
CsPbI3,1,1E15,1000000000000,11.3185842,,,
CsPbI3,1,1E15,10000000000000,11.3155727,,,
CsPbI3,1,1E15,100000000000000,11.2843986,,,
CsPbI3,1,1E15,1E15,10.7013851,,,
CsPbI3,1,1E16,10000000000,9.34589365,,,
CsPbI3,1,1E16,100000000000,9.34588207,,,
CsPbI3,1,1E16,1000000000000,9.34576616,,,
CsPbI3,1,1E16,10000000000000,9.34459927,,,
CsPbI3,1,1E16,100000000000000,9.33213316,,,
CsPbI3,1,1E16,1E15,8.80448512,,,
CsPbBr3,0.1,1000000000000,10000000000,2.59417667,,,
CsPbBr3,0.1,1000000000000,100000000000,2.5941763,,,
CsPbBr3,0.1,1000000000000,1000000000000,2.59417267,,,
CsPbBr3,0.1,1000000000000,10000000000000,2.59413631,,,
CsPbBr3,0.1,1000000000000,100000000000000,2.59377268,,,
CsPbBr3,0.1,1000000000000,1E15,2.5901336,,,
CsPbBr3,0.1,10000000000000,10000000000,2.59400188,,,
CsPbBr3,0.1,10000000000000,100000000000,2.59400152,,,
CsPbBr3,0.1,10000000000000,1000000000000,2.59399788,,,
CsPbBr3,0.1,10000000000000,10000000000000,2.59396146,,,
CsPbBr3,0.1,10000000000000,100000000000000,2.59359729,,,
CsPbBr3,0.1,10000000000000,1E15,2.58995263,,,
CsPbBr3,0.1,100000000000000,10000000000,2.59227341,,,
CsPbBr3,0.1,100000000000000,100000000000,2.59227304,,,
CsPbBr3,0.1,100000000000000,1000000000000,2.59226935,,,
CsPbBr3,0.1,100000000000000,10000000000000,2.59223242,,,
CsPbBr3,0.1,100000000000000,100000000000000,2.591863,,,
CsPbBr3,0.1,100000000000000,1E15,2.58816393,,,
CsPbBr3,0.1,1E15,10000000000,2.57661459,,,
CsPbBr3,0.1,1E15,100000000000,2.57661418,,,
CsPbBr3,0.1,1E15,1000000000000,2.57661007,,,
CsPbBr3,0.1,1E15,10000000000000,2.57656899,,,
CsPbBr3,0.1,1E15,100000000000000,2.57615804,,,
CsPbBr3,0.1,1E15,1E15,2.57202927,,,
CsPbBr3,0.1,1E16,10000000000,2.48418693,,,
CsPbBr3,0.1,1E16,100000000000,2.48418638,,,
CsPbBr3,0.1,1E16,1000000000000,2.48418081,,,
CsPbBr3,0.1,1E16,10000000000000,2.48412517,,,
CsPbBr3,0.1,1E16,100000000000000,2.48356826,,,
CsPbBr3,0.1,1E16,1E15,2.4779479,,,
CsPbBr3,0.2,1000000000000,10000000000,3.48075266,,,
CsPbBr3,0.2,1000000000000,100000000000,3.48075227,,,
CsPbBr3,0.2,1000000000000,1000000000000,3.48074831,,,
CsPbBr3,0.2,1000000000000,10000000000000,3.48070872,,,
CsPbBr3,0.2,1000000000000,100000000000000,3.48031178,,,
CsPbBr3,0.2,1000000000000,1E15,3.47624296,,,
CsPbBr3,0.2,10000000000000,10000000000,3.479544,,,
CsPbBr3,0.2,10000000000000,100000000000,3.47954359,,,
CsPbBr3,0.2,10000000000000,1000000000000,3.47953953,,,
CsPbBr3,0.2,10000000000000,10000000000000,3.47949891,,,
CsPbBr3,0.2,10000000000000,100000000000000,3.47909159,,,
CsPbBr3,0.2,10000000000000,1E15,3.47490743,,,
CsPbBr3,0.2,100000000000000,10000000000,3.46793755,,,
CsPbBr3,0.2,100000000000000,100000000000,3.46793705,,,
CsPbBr3,0.2,100000000000000,1000000000000,3.46793205,,,
CsPbBr3,0.2,100000000000000,10000000000000,3.46788204,,,
CsPbBr3,0.2,100000000000000,100000000000000,3.46737991,,,
CsPbBr3,0.2,100000000000000,1E15,3.46214639,,,
CsPbBr3,0.2,1E15,10000000000,3.3822571,,,
CsPbBr3,0.2,1E15,100000000000,3.38225611,,,
CsPbBr3,0.2,1E15,1000000000000,3.38224617,,,
CsPbBr3,0.2,1E15,10000000000000,3.38214673,,,
CsPbBr3,0.2,1E15,100000000000000,3.38114592,,,
CsPbBr3,0.2,1E15,1E15,3.37046516,,,
CsPbBr3,0.2,1E16,10000000000,3.10946529,,,
CsPbBr3,0.2,1E16,100000000000,3.10946383,,,
CsPbBr3,0.2,1E16,1000000000000,3.10944926,,,
CsPbBr3,0.2,1E16,10000000000000,3.10930334,,,
CsPbBr3,0.2,1E16,100000000000000,3.10783021,,,
CsPbBr3,0.2,1E16,1E15,3.09165911,,,
CsPbBr3,0.3,1000000000000,10000000000,4.06618106,,,
CsPbBr3,0.3,1000000000000,100000000000,4.06618069,,,
CsPbBr3,0.3,1000000000000,1000000000000,4.06617705,,,
CsPbBr3,0.3,1000000000000,10000000000000,4.0661406,,,
CsPbBr3,0.3,1000000000000,100000000000000,4.06578585,,,
CsPbBr3,0.3,1000000000000,1E15,4.0619231,,,
CsPbBr3,0.3,10000000000000,10000000000,4.06299946,,,
CsPbBr3,0.3,10000000000000,100000000000,4.06299904,,,
CsPbBr3,0.3,10000000000000,1000000000000,4.06299487,,,
CsPbBr3,0.3,10000000000000,10000000000000,4.06295314,,,
CsPbBr3,0.3,10000000000000,100000000000000,4.06254444,,,
CsPbBr3,0.3,10000000000000,1E15,4.05802625,,,
CsPbBr3,0.3,100000000000000,10000000000,4.03374859,,,
CsPbBr3,0.3,100000000000000,100000000000,4.03374773,,,
CsPbBr3,0.3,100000000000000,1000000000000,4.03373915,,,
CsPbBr3,0.3,100000000000000,10000000000000,4.03365321,,,
CsPbBr3,0.3,100000000000000,100000000000000,4.03279409,,,
CsPbBr3,0.3,100000000000000,1E15,4.02285848,,,
CsPbBr3,0.3,1E15,10000000000,3.85801501,,,
CsPbBr3,0.3,1E15,100000000000,3.85801273,,,
CsPbBr3,0.3,1E15,1000000000000,3.85798991,,,
CsPbBr3,0.3,1E15,10000000000000,3.85776139,,,
CsPbBr3,0.3,1E15,100000000000000,3.85545432,,,
CsPbBr3,0.3,1E15,1E15,3.82861217,,,
CsPbBr3,0.3,1E16,10000000000,3.44868505,,,
CsPbBr3,0.3,1E16,100000000000,3.4486827,,,
CsPbBr3,0.3,1E16,1000000000000,3.44865928,,,
CsPbBr3,0.3,1E16,10000000000000,3.44842438,,,
CsPbBr3,0.3,1E16,100000000000000,3.44600108,,,
CsPbBr3,0.3,1E16,1E15,3.41237479,,,
CsPbBr3,0.4,1000000000000,10000000000,4.46779006,,,
CsPbBr3,0.4,1000000000000,100000000000,4.46778971,,,
CsPbBr3,0.4,1000000000000,1000000000000,4.46778622,,,
CsPbBr3,0.4,1000000000000,10000000000000,4.46775132,,,
CsPbBr3,0.4,1000000000000,100000000000000,4.46739885,,,
CsPbBr3,0.4,1000000000000,1E15,4.46345484,,,
CsPbBr3,0.4,10000000000000,10000000000,4.46213994,,,
CsPbBr3,0.4,10000000000000,100000000000,4.46213945,,,
CsPbBr3,0.4,10000000000000,1000000000000,4.46213456,,,
CsPbBr3,0.4,10000000000000,10000000000000,4.46208555,,,
CsPbBr3,0.4,10000000000000,100000000000000,4.46158793,,,
CsPbBr3,0.4,10000000000000,1E15,4.4556928,,,
CsPbBr3,0.4,100000000000000,10000000000,4.41079953,,,
CsPbBr3,0.4,100000000000000,100000000000,4.41079794,,,
CsPbBr3,0.4,100000000000000,1000000000000,4.41078202,,,
CsPbBr3,0.4,100000000000000,10000000000000,4.41062245,,,
CsPbBr3,0.4,100000000000000,100000000000000,4.4089895,,,
CsPbBr3,0.4,100000000000000,1E15,4.38815788,,,
CsPbBr3,0.4,1E15,10000000000,4.15266858,,,
CsPbBr3,0.4,1E15,100000000000,4.15266456,,,
CsPbBr3,0.4,1E15,1000000000000,4.15262427,,,
CsPbBr3,0.4,1E15,10000000000000,4.15222059,,,
CsPbBr3,0.4,1E15,100000000000000,4.1481002,,,
CsPbBr3,0.4,1E15,1E15,4.09641672,,,
CsPbBr3,0.4,1E16,10000000000,3.64115379,,,
CsPbBr3,0.4,1E16,100000000000,3.64115118,,,
CsPbBr3,0.4,1E16,1000000000000,3.64112513,,,
CsPbBr3,0.4,1E16,10000000000000,3.64086279,,,
CsPbBr3,0.4,1E16,100000000000000,3.63805316,,,
CsPbBr3,0.4,1E16,1E15,3.58416053,,,
CsPbBr3,0.5,1000000000000,10000000000,4.74796476,,,
CsPbBr3,0.5,1000000000000,100000000000,4.74796441,,,
CsPbBr3,0.5,1000000000000,1000000000000,4.74796089,,,
CsPbBr3,0.5,1000000000000,10000000000000,4.74792563,,,
CsPbBr3,0.5,1000000000000,100000000000000,4.74756833,,,
CsPbBr3,0.5,1000000000000,1E15,4.74327991,,,
CsPbBr3,0.5,10000000000000,10000000000,4.73973939,,,
CsPbBr3,0.5,10000000000000,100000000000,4.73973877,,,
CsPbBr3,0.5,10000000000000,1000000000000,4.73973256,,,
CsPbBr3,0.5,10000000000000,10000000000000,4.7396703,,,
CsPbBr3,0.5,10000000000000,100000000000000,4.73903259,,,
CsPbBr3,0.5,10000000000000,1E15,4.73053785,,,
CsPbBr3,0.5,100000000000000,10000000000,4.66755005,,,
CsPbBr3,0.5,100000000000000,100000000000,4.66754746,,,
CsPbBr3,0.5,100000000000000,1000000000000,4.66752154,,,
CsPbBr3,0.5,100000000000000,10000000000000,4.66726152,,,
CsPbBr3,0.5,100000000000000,100000000000000,4.6645779,,,
CsPbBr3,0.5,100000000000000,1E15,4.62633206,,,
CsPbBr3,0.5,1E15,10000000000,4.34239047,,,
CsPbBr3,0.5,1E15,100000000000,4.34238474,,,
CsPbBr3,0.5,1E15,1000000000000,4.34232744,,,
CsPbBr3,0.5,1E15,10000000000000,4.34175288,,,
CsPbBr3,0.5,1E15,100000000000000,4.3358491,,,
CsPbBr3,0.5,1E15,1E15,4.25313125,,,
CsPbBr3,0.5,1E16,10000000000,3.74956111,,,
CsPbBr3,0.5,1E16,100000000000,3.7495588,,,
CsPbBr3,0.5,1E16,1000000000000,3.74953564,,,
CsPbBr3,0.5,1E16,10000000000000,3.74930157,,,
CsPbBr3,0.5,1E16,100000000000000,3.74669865,,,
CsPbBr3,0.5,1E16,1E15,3.67218847,,,
CsPbBr3,0.6,1000000000000,10000000000,4.94781232,,,
CsPbBr3,0.6,1000000000000,100000000000,4.94781195,,,
CsPbBr3,0.6,1000000000000,1000000000000,4.94780829,,,
CsPbBr3,0.6,1000000000000,10000000000000,4.9477716,,,
CsPbBr3,0.6,1000000000000,100000000000000,4.94740667,,,
CsPbBr3,0.6,1000000000000,1E15,4.94250559,,,
CsPbBr3,0.6,10000000000000,10000000000,4.93705807,,,
CsPbBr3,0.6,10000000000000,100000000000,4.93705729,,,
CsPbBr3,0.6,10000000000000,1000000000000,4.93704943,,,
CsPbBr3,0.6,10000000000000,10000000000000,4.93697061,,,
CsPbBr3,0.6,10000000000000,100000000000000,4.93616367,,,
CsPbBr3,0.6,10000000000000,1E15,4.92389513,,,
CsPbBr3,0.6,100000000000000,10000000000,4.84563516,,,
CsPbBr3,0.6,100000000000000,100000000000,4.84563149,,,
CsPbBr3,0.6,100000000000000,1000000000000,4.84559474,,,
CsPbBr3,0.6,100000000000000,10000000000000,4.84522575,,,
CsPbBr3,0.6,100000000000000,100000000000000,4.84139034,,,
CsPbBr3,0.6,100000000000000,1E15,4.7795449,,,
CsPbBr3,0.6,1E15,10000000000,4.46646224,,,
CsPbBr3,0.6,1E15,100000000000,4.46645499,,,
CsPbBr3,0.6,1E15,1000000000000,4.46638239,,,
CsPbBr3,0.6,1E15,10000000000000,4.46565395,,,
CsPbBr3,0.6,1E15,100000000000000,4.45812058,,,
CsPbBr3,0.6,1E15,1E15,4.34260289,,,
CsPbBr3,0.6,1E16,10000000000,3.81072761,,,
CsPbBr3,0.6,1E16,100000000000,3.81072545,,,
CsPbBr3,0.6,1E16,1000000000000,3.81070389,,,
CsPbBr3,0.6,1E16,10000000000000,3.81048577,,,
CsPbBr3,0.6,1E16,100000000000000,3.80804416,,,
CsPbBr3,0.6,1E16,1E15,3.70916268,,,
CsPbBr3,0.7,1000000000000,10000000000,5.09331522,,,
CsPbBr3,0.7,1000000000000,100000000000,5.09331483,,,
CsPbBr3,0.7,1000000000000,1000000000000,5.09331097,,,
CsPbBr3,0.7,1000000000000,10000000000000,5.0932722,,,
CsPbBr3,0.7,1000000000000,100000000000000,5.09285529,,,
CsPbBr3,0.7,1000000000000,1E15,5.0871126,,,
CsPbBr3,0.7,10000000000000,10000000000,5.0801415,,,
CsPbBr3,0.7,10000000000000,100000000000,5.08014053,,,
CsPbBr3,0.7,10000000000000,1000000000000,5.08013092,,,
CsPbBr3,0.7,10000000000000,10000000000000,5.08003432,,,
CsPbBr3,0.7,10000000000000,100000000000000,5.07900634,,,
CsPbBr3,0.7,10000000000000,1E15,5.06200659,,,
CsPbBr3,0.7,100000000000000,10000000000,4.97133083,,,
CsPbBr3,0.7,100000000000000,100000000000,4.97132612,,,
CsPbBr3,0.7,100000000000000,1000000000000,4.97127901,,,
CsPbBr3,0.7,100000000000000,10000000000000,4.97080573,,,
CsPbBr3,0.7,100000000000000,100000000000000,4.96582527,,,
CsPbBr3,0.7,100000000000000,1E15,4.87795258,,,
CsPbBr3,0.7,1E15,10000000000,4.54722527,,,
CsPbBr3,0.7,1E15,100000000000,4.54721682,,,
CsPbBr3,0.7,1E15,1000000000000,4.54713222,,,
CsPbBr3,0.7,1E15,10000000000000,4.54628341,,,
CsPbBr3,0.7,1E15,100000000000000,4.53748598,,,
CsPbBr3,0.7,1E15,1E15,4.39184606,,,
CsPbBr3,0.7,1E16,10000000000,3.84625198,,,
CsPbBr3,0.7,1E16,100000000000,3.84624934,,,
CsPbBr3,0.7,1E16,1000000000000,3.8462229,,,
CsPbBr3,0.7,1E16,10000000000000,3.84595636,,,
CsPbBr3,0.7,1E16,100000000000000,3.84304666,,,
CsPbBr3,0.7,1E16,1E15,3.71666182,,,
CsPbBr3,0.8,1000000000000,10000000000,5.20104177,,,
CsPbBr3,0.8,1000000000000,100000000000,5.20104136,,,
CsPbBr3,0.8,1000000000000,1000000000000,5.20103725,,,
CsPbBr3,0.8,1000000000000,10000000000000,5.20099611,,,
CsPbBr3,0.8,1000000000000,100000000000000,5.20055207,,,
CsPbBr3,0.8,1000000000000,1E15,5.19372439,,,
CsPbBr3,0.8,10000000000000,10000000000,5.18556208,,,
CsPbBr3,0.8,10000000000000,100000000000,5.18556095,,,
CsPbBr3,0.8,10000000000000,1000000000000,5.18554958,,,
CsPbBr3,0.8,10000000000000,10000000000000,5.18543521,,,
CsPbBr3,0.8,10000000000000,100000000000000,5.18421346,,,
CsPbBr3,0.8,10000000000000,1E15,5.16172997,,,
CsPbBr3,0.8,100000000000000,10000000000,5.06102666,,,
CsPbBr3,0.8,100000000000000,100000000000,5.06102102,,,
CsPbBr3,0.8,100000000000000,1000000000000,5.06096459,,,
CsPbBr3,0.8,100000000000000,10000000000000,5.06039735,,,
CsPbBr3,0.8,100000000000000,100000000000000,5.05440388,,,
CsPbBr3,0.8,100000000000000,1E15,4.93891104,,,
CsPbBr3,0.8,1E15,10000000000,4.60102602,,,
CsPbBr3,0.8,1E15,100000000000,4.60101672,,,
CsPbBr3,0.8,1E15,1000000000000,4.60092366,,,
CsPbBr3,0.8,1E15,10000000000000,4.5999895,,,
CsPbBr3,0.8,1E15,100000000000000,4.59026942,,,
CsPbBr3,0.8,1E15,1E15,4.41324011,,,
CsPbBr3,0.8,1E16,10000000000,3.8687122,,,
CsPbBr3,0.8,1E16,100000000000,3.86870863,,,
CsPbBr3,0.8,1E16,1000000000000,3.86867299,,,
CsPbBr3,0.8,1E16,10000000000000,3.86831442,,,
CsPbBr3,0.8,1E16,100000000000000,3.86448384,,,
CsPbBr3,0.8,1E16,1E15,3.70798743,,,
CsPbBr3,0.9,1000000000000,10000000000,5.28209012,,,
CsPbBr3,0.9,1000000000000,100000000000,5.28208969,,,
CsPbBr3,0.9,1000000000000,1000000000000,5.28208534,,,
CsPbBr3,0.9,1000000000000,10000000000000,5.28204167,,,
CsPbBr3,0.9,1000000000000,100000000000000,5.28158833,,,
CsPbBr3,0.9,1000000000000,1E15,5.27353,,,
CsPbBr3,0.9,10000000000000,10000000000,5.26440208,,,
CsPbBr3,0.9,10000000000000,100000000000,5.26440077,,,
CsPbBr3,0.9,10000000000000,1000000000000,5.26438768,,,
CsPbBr3,0.9,10000000000000,10000000000000,5.26425606,,,
CsPbBr3,0.9,10000000000000,100000000000000,5.26286227,,,
CsPbBr3,0.9,10000000000000,1E15,5.23443711,,,
CsPbBr3,0.9,100000000000000,10000000000,5.12552727,,,
CsPbBr3,0.9,100000000000000,100000000000,5.12552081,,,
CsPbBr3,0.9,100000000000000,1000000000000,5.12545616,,,
CsPbBr3,0.9,100000000000000,10000000000000,5.12480601,,,
CsPbBr3,0.9,100000000000000,100000000000000,5.11791977,,,
CsPbBr3,0.9,100000000000000,1E15,4.97438413,,,
CsPbBr3,0.9,1E15,10000000000,4.63585088,,,
CsPbBr3,0.9,1E15,100000000000,4.63584092,,,
CsPbBr3,0.9,1E15,1000000000000,4.63574123,,,
CsPbBr3,0.9,1E15,10000000000000,4.63474017,,,
CsPbBr3,0.9,1E15,100000000000000,4.62428652,,,
CsPbBr3,0.9,1E15,1E15,4.41915169,,,
CsPbBr3,0.9,1E16,10000000000,3.88436535,,,
CsPbBr3,0.9,1E16,100000000000,3.88436077,,,
CsPbBr3,0.9,1E16,1000000000000,3.88431497,,,
CsPbBr3,0.9,1E16,10000000000000,3.88385455,,,
CsPbBr3,0.9,1E16,100000000000000,3.87898719,,,
CsPbBr3,0.9,1E16,1E15,3.68816119,,,
CsPbBr3,1,1000000000000,10000000000,5.34395763,,,
CsPbBr3,1,1000000000000,100000000000,5.34395717,,,
CsPbBr3,1,1000000000000,1000000000000,5.34395256,,,
CsPbBr3,1,1000000000000,10000000000000,5.3439063,,,
CsPbBr3,1,1000000000000,100000000000000,5.34342401,,,
CsPbBr3,1,1000000000000,1E15,5.33404801,,,
CsPbBr3,1,10000000000000,10000000000,5.32413871,,,
CsPbBr3,1,10000000000000,100000000000,5.32413723,,,
CsPbBr3,1,10000000000000,1000000000000,5.32412249,,,
CsPbBr3,1,10000000000000,10000000000000,5.3239742,,,
CsPbBr3,1,10000000000000,100000000000000,5.32239721,,,
CsPbBr3,1,10000000000000,1E15,5.28777799,,,
CsPbBr3,1,100000000000000,10000000000,5.17205289,,,
CsPbBr3,1,100000000000000,100000000000,5.1720457,,,
CsPbBr3,1,100000000000000,1000000000000,5.17197378,,,
CsPbBr3,1,100000000000000,10000000000000,5.17125036,,,
CsPbBr3,1,100000000000000,100000000000000,5.16356687,,,
CsPbBr3,1,100000000000000,1E15,4.99170002,,,
CsPbBr3,1,1E15,10000000000,4.65758587,,,
CsPbBr3,1,1E15,100000000000,4.65757537,,,
CsPbBr3,1,1E15,1000000000000,4.65747039,,,
CsPbBr3,1,1E15,10000000000000,4.65641591,,,
CsPbBr3,1,1E15,100000000000000,4.64537256,,,
CsPbBr3,1,1E15,1E15,4.41252659,,,
CsPbBr3,1,1E16,10000000000,3.89606369,,,
CsPbBr3,1,1E16,100000000000,3.89605821,,,
CsPbBr3,1,1E16,1000000000000,3.8960034,,,
CsPbBr3,1,1E16,10000000000000,3.89545249,,,
CsPbBr3,1,1E16,100000000000000,3.88963277,,,
CsPbBr3,1,1E16,1E15,3.66372768,,,
CsSnCl3,0.1,1000000000000,10000000000,6.25786072,,,
CsSnCl3,0.1,1000000000000,100000000000,6.25786073,,,
CsSnCl3,0.1,1000000000000,1000000000000,6.25786073,,,
CsSnCl3,0.1,1000000000000,10000000000000,6.25786082,,,
CsSnCl3,0.1,1000000000000,100000000000000,6.2578617,,,
CsSnCl3,0.1,1000000000000,1E15,6.25787142,,,
CsSnCl3,0.1,10000000000000,10000000000,6.2577878,,,
CsSnCl3,0.1,10000000000000,100000000000,6.2577878,,,
CsSnCl3,0.1,10000000000000,1000000000000,6.25778781,,,
CsSnCl3,0.1,10000000000000,10000000000000,6.2577879,,,
CsSnCl3,0.1,10000000000000,100000000000000,6.25778874,,,
CsSnCl3,0.1,10000000000000,1E15,6.25779807,,,
CsSnCl3,0.1,100000000000000,10000000000,6.25705909,,,
CsSnCl3,0.1,100000000000000,100000000000,6.25705909,,,
CsSnCl3,0.1,100000000000000,1000000000000,6.2570591,,,
CsSnCl3,0.1,100000000000000,10000000000000,6.25705914,,,
CsSnCl3,0.1,100000000000000,100000000000000,6.25705961,,,
CsSnCl3,0.1,100000000000000,1E15,6.25706509,,,
CsSnCl3,0.1,1E15,10000000000,6.24982024,,,
CsSnCl3,0.1,1E15,100000000000,6.24982024,,,
CsSnCl3,0.1,1E15,1000000000000,6.24982021,,,
CsSnCl3,0.1,1E15,10000000000000,6.24981988,,,
CsSnCl3,0.1,1E15,100000000000000,6.2498166,,,
CsSnCl3,0.1,1E15,1E15,6.24978432,,,
CsSnCl3,0.1,1E16,10000000000,6.18167785,,,
CsSnCl3,0.1,1E16,100000000000,6.18167782,,,
CsSnCl3,0.1,1E16,1000000000000,6.18167746,,,
CsSnCl3,0.1,1E16,10000000000000,6.18167396,,,
CsSnCl3,0.1,1E16,100000000000000,6.18163891,,,
CsSnCl3,0.1,1E16,1E15,6.1812863,,,
CsSnCl3,0.2,1000000000000,10000000000,9.49901952,,,
CsSnCl3,0.2,1000000000000,100000000000,9.49901957,,,
CsSnCl3,0.2,1000000000000,1000000000000,9.49902009,,,
CsSnCl3,0.2,1000000000000,10000000000000,9.49902525,,,
CsSnCl3,0.2,1000000000000,100000000000000,9.49907694,,,
CsSnCl3,0.2,1000000000000,1E15,9.49959119,,,
CsSnCl3,0.2,10000000000000,10000000000,9.49806813,,,
CsSnCl3,0.2,10000000000000,100000000000,9.49806818,,,
CsSnCl3,0.2,10000000000000,1000000000000,9.49806868,,,
CsSnCl3,0.2,10000000000000,10000000000000,9.49807365,,,
CsSnCl3,0.2,10000000000000,100000000000000,9.49812337,,,
CsSnCl3,0.2,10000000000000,1E15,9.49861747,,,
CsSnCl3,0.2,100000000000000,10000000000,9.48862085,,,
CsSnCl3,0.2,100000000000000,100000000000,9.48862088,,,
CsSnCl3,0.2,100000000000000,1000000000000,9.48862118,,,
CsSnCl3,0.2,100000000000000,10000000000000,9.48862422,,,
CsSnCl3,0.2,100000000000000,100000000000000,9.48865454,,,
CsSnCl3,0.2,100000000000000,1E15,9.48895049,,,
CsSnCl3,0.2,1E15,10000000000,9.40004165,,,
CsSnCl3,0.2,1E15,100000000000,9.40004151,,,
CsSnCl3,0.2,1E15,1000000000000,9.40004014,,,
CsSnCl3,0.2,1E15,10000000000000,9.40002645,,,
CsSnCl3,0.2,1E15,100000000000000,9.39988916,,,
CsSnCl3,0.2,1E15,1E15,9.39847462,,,
CsSnCl3,0.2,1E16,10000000000,8.80147074,,,
CsSnCl3,0.2,1E16,100000000000,8.80146993,,,
CsSnCl3,0.2,1E16,1000000000000,8.8014618,,,
CsSnCl3,0.2,1E16,10000000000000,8.80138051,,,
CsSnCl3,0.2,1E16,100000000000000,8.80056613,,,
CsSnCl3,0.2,1E16,1E15,8.79227038,,,
CsSnCl3,0.3,1000000000000,10000000000,11.4370518,,,
CsSnCl3,0.3,1000000000000,100000000000,11.4370519,,,
CsSnCl3,0.3,1000000000000,1000000000000,11.4370527,,,
CsSnCl3,0.3,1000000000000,10000000000000,11.4370603,,,
CsSnCl3,0.3,1000000000000,100000000000000,11.4371363,,,
CsSnCl3,0.3,1000000000000,1E15,11.4379057,,,
CsSnCl3,0.3,10000000000000,10000000000,11.4331534,,,
CsSnCl3,0.3,10000000000000,100000000000,11.4331535,,,
CsSnCl3,0.3,10000000000000,1000000000000,11.433154,,,
CsSnCl3,0.3,10000000000000,10000000000000,11.4331599,,,
CsSnCl3,0.3,10000000000000,100000000000000,11.4332181,,,
CsSnCl3,0.3,10000000000000,1E15,11.4338001,,,
CsSnCl3,0.3,100000000000000,10000000000,11.3949878,,,
CsSnCl3,0.3,100000000000000,100000000000,11.3949877,,,
CsSnCl3,0.3,100000000000000,1000000000000,11.3949866,,,
CsSnCl3,0.3,100000000000000,10000000000000,11.3949755,,,
CsSnCl3,0.3,100000000000000,100000000000000,11.3948638,,,
CsSnCl3,0.3,100000000000000,1E15,11.3936587,,,
CsSnCl3,0.3,1E15,10000000000,11.0706059,,,
CsSnCl3,0.3,1E15,100000000000,11.0706046,,,
CsSnCl3,0.3,1E15,1000000000000,11.0705921,,,
CsSnCl3,0.3,1E15,10000000000000,11.0704663,,,
CsSnCl3,0.3,1E15,100000000000000,11.0692026,,,
CsSnCl3,0.3,1E15,1E15,11.0559885,,,
CsSnCl3,0.3,1E16,10000000000,9.71432743,,,
CsSnCl3,0.3,1E16,100000000000,9.71432455,,,
CsSnCl3,0.3,1E16,1000000000000,9.71429573,,,
CsSnCl3,0.3,1E16,10000000000000,9.71400749,,,
CsSnCl3,0.3,1E16,100000000000000,9.71111641,,,
CsSnCl3,0.3,1E16,1E15,9.68131337,,,
CsSnCl3,0.4,1000000000000,10000000000,12.635494,,,
CsSnCl3,0.4,1000000000000,100000000000,12.6354941,,,
CsSnCl3,0.4,1000000000000,1000000000000,12.635495,,,
CsSnCl3,0.4,1000000000000,10000000000000,12.6355035,,,
CsSnCl3,0.4,1000000000000,100000000000000,12.6355884,,,
CsSnCl3,0.4,1000000000000,1E15,12.6364331,,,
CsSnCl3,0.4,10000000000000,10000000000,12.6254225,,,
CsSnCl3,0.4,10000000000000,100000000000,12.6254225,,,
CsSnCl3,0.4,10000000000000,1000000000000,12.6254225,,,
CsSnCl3,0.4,10000000000000,10000000000000,12.6254232,,,
CsSnCl3,0.4,10000000000000,100000000000000,12.6254293,,,
CsSnCl3,0.4,10000000000000,1E15,12.6254152,,,
CsSnCl3,0.4,100000000000000,10000000000,12.5298063,,,
CsSnCl3,0.4,100000000000000,100000000000,12.5298056,,,
CsSnCl3,0.4,100000000000000,1000000000000,12.5297986,,,
CsSnCl3,0.4,100000000000000,10000000000000,12.529729,,,
CsSnCl3,0.4,100000000000000,100000000000000,12.5290266,,,
CsSnCl3,0.4,100000000000000,1E15,12.5213329,,,
CsSnCl3,0.4,1E15,10000000000,11.8518708,,,
CsSnCl3,0.4,1E15,100000000000,11.8518668,,,
CsSnCl3,0.4,1E15,1000000000000,11.8518262,,,
CsSnCl3,0.4,1E15,10000000000000,11.8514204,,,
CsSnCl3,0.4,1E15,100000000000000,11.8473376,,,
CsSnCl3,0.4,1E15,1E15,11.8039218,,,
CsSnCl3,0.4,1E16,10000000000,9.93824124,,,
CsSnCl3,0.4,1E16,100000000000,9.93823587,,,
CsSnCl3,0.4,1E16,1000000000000,9.9381821,,,
CsSnCl3,0.4,1E16,10000000000000,9.93764421,,,
CsSnCl3,0.4,1E16,100000000000000,9.93223878,,,
CsSnCl3,0.4,1E16,1E15,9.87532001,,,
CsSnCl3,0.5,1000000000000,10000000000,13.4091013,,,
CsSnCl3,0.5,1000000000000,100000000000,13.4091014,,,
CsSnCl3,0.5,1000000000000,1000000000000,13.4091021,,,
CsSnCl3,0.5,1000000000000,10000000000000,13.4091096,,,
CsSnCl3,0.5,1000000000000,100000000000000,13.4091838,,,
CsSnCl3,0.5,1000000000000,1E15,13.4098928,,,
CsSnCl3,0.5,10000000000000,10000000000,13.3890897,,,
CsSnCl3,0.5,10000000000000,100000000000,13.3890896,,,
CsSnCl3,0.5,10000000000000,1000000000000,13.389088,,,
CsSnCl3,0.5,10000000000000,10000000000000,13.3890727,,,
CsSnCl3,0.5,10000000000000,100000000000000,13.3889169,,,
CsSnCl3,0.5,10000000000000,1E15,13.387029,,,
CsSnCl3,0.5,100000000000000,10000000000,13.2071389,,,
CsSnCl3,0.5,100000000000000,100000000000,13.2071368,,,
CsSnCl3,0.5,100000000000000,1000000000000,13.2071165,,,
CsSnCl3,0.5,100000000000000,10000000000000,13.2069126,,,
CsSnCl3,0.5,100000000000000,100000000000000,13.2048501,,,
CsSnCl3,0.5,100000000000000,1E15,13.1816319,,,
CsSnCl3,0.5,1E15,10000000000,12.1492624,,,
CsSnCl3,0.5,1E15,100000000000,12.1492542,,,
CsSnCl3,0.5,1E15,1000000000000,12.1491719,,,
CsSnCl3,0.5,1E15,10000000000000,12.1483483,,,
CsSnCl3,0.5,1E15,100000000000000,12.1400499,,,
CsSnCl3,0.5,1E15,1E15,12.0503499,,,
CsSnCl3,0.5,1E16,10000000000,9.91085806,,,
CsSnCl3,0.5,1E16,100000000000,9.91085009,,,
CsSnCl3,0.5,1E16,1000000000000,9.91077041,,,
CsSnCl3,0.5,1E16,10000000000000,9.90997284,,,
CsSnCl3,0.5,1E16,100000000000000,9.90192927,,,
CsSnCl3,0.5,1E16,1E15,9.81242526,,,
CsSnCl3,0.6,1000000000000,10000000000,13.9268683,,,
CsSnCl3,0.6,1000000000000,100000000000,13.9268683,,,
CsSnCl3,0.6,1000000000000,1000000000000,13.9268687,,,
CsSnCl3,0.6,1000000000000,10000000000000,13.9268726,,,
CsSnCl3,0.6,1000000000000,100000000000000,13.9269109,,,
CsSnCl3,0.6,1000000000000,1E15,13.927375,,,
CsSnCl3,0.6,10000000000000,10000000000,13.893275,,,
CsSnCl3,0.6,10000000000000,100000000000,13.8932745,,,
CsSnCl3,0.6,10000000000000,1000000000000,13.8932699,,,
CsSnCl3,0.6,10000000000000,10000000000000,13.8932236,,,
CsSnCl3,0.6,10000000000000,100000000000000,13.892752,,,
CsSnCl3,0.6,10000000000000,1E15,13.8872632,,,
CsSnCl3,0.6,100000000000000,10000000000,13.6026956,,,
CsSnCl3,0.6,100000000000000,100000000000,13.6026913,,,
CsSnCl3,0.6,100000000000000,1000000000000,13.6026484,,,
CsSnCl3,0.6,100000000000000,10000000000000,13.6022185,,,
CsSnCl3,0.6,100000000000000,100000000000000,13.5978586,,,
CsSnCl3,0.6,100000000000000,1E15,13.5475462,,,
CsSnCl3,0.6,1E15,10000000000,12.2029962,,,
CsSnCl3,0.6,1E15,100000000000,12.2029832,,,
CsSnCl3,0.6,1E15,1000000000000,12.2028528,,,
CsSnCl3,0.6,1E15,10000000000000,12.2015477,,,
CsSnCl3,0.6,1E15,100000000000000,12.1883788,,,
CsSnCl3,0.6,1E15,1E15,12.0437113,,,
CsSnCl3,0.6,1E16,10000000000,9.78795735,,,
CsSnCl3,0.6,1E16,100000000000,9.78794677,,,
CsSnCl3,0.6,1E16,1000000000000,9.78784091,,,
CsSnCl3,0.6,1E16,10000000000000,9.78678106,,,
CsSnCl3,0.6,1E16,100000000000000,9.77605341,,,
CsSnCl3,0.6,1E16,1E15,9.65341151,,,
CsSnCl3,0.7,1000000000000,10000000000,14.2913276,,,
CsSnCl3,0.7,1000000000000,100000000000,14.2913276,,,
CsSnCl3,0.7,1000000000000,1000000000000,14.2913273,,,
CsSnCl3,0.7,1000000000000,10000000000000,14.291325,,,
CsSnCl3,0.7,1000000000000,100000000000000,14.2912991,,,
CsSnCl3,0.7,1000000000000,1E15,14.2910114,,,
CsSnCl3,0.7,10000000000000,10000000000,14.2346187,,,
CsSnCl3,0.7,10000000000000,100000000000,14.2346177,,,
CsSnCl3,0.7,10000000000000,1000000000000,14.2346083,,,
CsSnCl3,0.7,10000000000000,10000000000000,14.2345144,,,
CsSnCl3,0.7,10000000000000,100000000000000,14.2335559,,,
CsSnCl3,0.7,10000000000000,1E15,14.222095,,,
CsSnCl3,0.7,100000000000000,10000000000,13.8218128,,,
CsSnCl3,0.7,100000000000000,100000000000,13.8218054,,,
CsSnCl3,0.7,100000000000000,1000000000000,13.8217311,,,
CsSnCl3,0.7,100000000000000,10000000000000,13.8209874,,,
CsSnCl3,0.7,100000000000000,100000000000000,13.8134247,,,
CsSnCl3,0.7,100000000000000,1E15,13.7188879,,,
CsSnCl3,0.7,1E15,10000000000,12.1426638,,,
CsSnCl3,0.7,1E15,100000000000,12.1426459,,,
CsSnCl3,0.7,1E15,1000000000000,12.1424666,,,
CsSnCl3,0.7,1E15,10000000000000,12.140672,,,
CsSnCl3,0.7,1E15,100000000000000,12.1225355,,,
CsSnCl3,0.7,1E15,1E15,11.9194511,,,
CsSnCl3,0.7,1E16,10000000000,9.63906707,,,
CsSnCl3,0.7,1E16,100000000000,9.63905388,,,
CsSnCl3,0.7,1E16,1000000000000,9.638922,,,
CsSnCl3,0.7,1E16,10000000000000,9.63760081,,,
CsSnCl3,0.7,1E16,100000000000000,9.62414656,,,
CsSnCl3,0.7,1E16,1E15,9.45869774,,,
CsSnCl3,0.8,1000000000000,10000000000,14.5451217,,,
CsSnCl3,0.8,1000000000000,100000000000,14.5451216,,,
CsSnCl3,0.8,1000000000000,1000000000000,14.5451205,,,
CsSnCl3,0.8,1000000000000,10000000000000,14.5451093,,,
CsSnCl3,0.8,1000000000000,100000000000000,14.5452699,,,
CsSnCl3,0.8,1000000000000,1E15,14.5439,,,
CsSnCl3,0.8,10000000000000,10000000000,14.4697105,,,
CsSnCl3,0.8,10000000000000,100000000000,14.4697089,,,
CsSnCl3,0.8,10000000000000,1000000000000,14.4696932,,,
CsSnCl3,0.8,10000000000000,10000000000000,14.4695363,,,
CsSnCl3,0.8,10000000000000,100000000000000,14.4682125,,,
CsSnCl3,0.8,10000000000000,1E15,14.4487872,,,
CsSnCl3,0.8,100000000000000,10000000000,13.9239759,,,
CsSnCl3,0.8,100000000000000,100000000000,13.9239648,,,
CsSnCl3,0.8,100000000000000,1000000000000,13.9238542,,,
CsSnCl3,0.8,100000000000000,10000000000000,13.9227461,,,
CsSnCl3,0.8,100000000000000,100000000000000,13.9117515,,,
CsSnCl3,0.8,100000000000000,1E15,13.7759984,,,
CsSnCl3,0.8,1E15,10000000000,12.0348985,,,
CsSnCl3,0.8,1E15,100000000000,12.0348761,,,
CsSnCl3,0.8,1E15,1000000000000,12.0346517,,,
CsSnCl3,0.8,1E15,10000000000000,12.0324049,,,
CsSnCl3,0.8,1E15,100000000000000,12.0099233,,,
CsSnCl3,0.8,1E15,1E15,11.7461109,,,
CsSnCl3,0.8,1E16,10000000000,9.48565657,,,
CsSnCl3,0.8,1E16,100000000000,9.48564093,,,
CsSnCl3,0.8,1E16,1000000000000,9.48548446,,,
CsSnCl3,0.8,1E16,10000000000000,9.48391619,,,
CsSnCl3,0.8,1E16,100000000000000,9.46809873,,,
CsSnCl3,0.8,1E16,1E15,9.25565717,,,
CsSnCl3,0.9,1000000000000,10000000000,14.7296542,,,
CsSnCl3,0.9,1000000000000,100000000000,14.729654,,,
CsSnCl3,0.9,1000000000000,1000000000000,14.7296518,,,
CsSnCl3,0.9,1000000000000,10000000000000,14.7296294,,,
CsSnCl3,0.9,1000000000000,100000000000000,14.7293977,,,
CsSnCl3,0.9,1000000000000,1E15,14.7270175,,,
CsSnCl3,0.9,10000000000000,10000000000,14.6340985,,,
CsSnCl3,0.9,10000000000000,100000000000,14.6340962,,,
CsSnCl3,0.9,10000000000000,1000000000000,14.6340731,,,
CsSnCl3,0.9,10000000000000,10000000000000,14.6338412,,,
CsSnCl3,0.9,10000000000000,100000000000000,14.6314705,,,
CsSnCl3,0.9,10000000000000,1E15,14.6030394,,,
CsSnCl3,0.9,100000000000000,10000000000,13.9627175,,,
CsSnCl3,0.9,100000000000000,100000000000,13.9627025,,,
CsSnCl3,0.9,100000000000000,1000000000000,13.9625519,,,
CsSnCl3,0.9,100000000000000,10000000000000,13.9610428,,,
CsSnCl3,0.9,100000000000000,100000000000000,13.9456417,,,
CsSnCl3,0.9,100000000000000,1E15,13.7569079,,,
CsSnCl3,0.9,1E15,10000000000,11.9071361,,,
CsSnCl3,0.9,1E15,100000000000,11.9071096,,,
CsSnCl3,0.9,1E15,1000000000000,11.9068448,,,
CsSnCl3,0.9,1E15,10000000000000,11.9041928,,,
CsSnCl3,0.9,1E15,100000000000000,11.8772545,,,
CsSnCl3,0.9,1E15,1E15,11.5568906,,,
CsSnCl3,0.9,1E16,10000000000,9.34167428,,,
CsSnCl3,0.9,1E16,100000000000,9.3416562,,,
CsSnCl3,0.9,1E16,1000000000000,9.34147531,,,
CsSnCl3,0.9,1E16,10000000000000,9.33966143,,,
CsSnCl3,0.9,1E16,100000000000000,9.32101148,,,
CsSnCl3,0.9,1E16,1E15,9.0598281,,,
CsSnCl3,1,1000000000000,10000000000,14.8664255,,,
CsSnCl3,1,1000000000000,100000000000,14.8664252,,,
CsSnCl3,1,1000000000000,1000000000000,14.8664217,,,
CsSnCl3,1,1000000000000,10000000000000,14.8663864,,,
CsSnCl3,1,1000000000000,100000000000000,14.8660217,,,
CsSnCl3,1,1000000000000,1E15,14.8621002,,,
CsSnCl3,1,10000000000000,10000000000,14.7498781,,,
CsSnCl3,1,10000000000000,100000000000,14.749875,,,
CsSnCl3,1,10000000000000,1000000000000,14.7498435,,,
CsSnCl3,1,10000000000000,10000000000000,14.7495284,,,
CsSnCl3,1,10000000000000,100000000000000,14.746304,,,
CsSnCl3,1,10000000000000,1E15,14.7078451,,,
CsSnCl3,1,100000000000000,10000000000,13.9576814,,,
CsSnCl3,1,100000000000000,100000000000,13.9576622,,,
CsSnCl3,1,100000000000000,1000000000000,13.9574693,,,
CsSnCl3,1,100000000000000,10000000000000,13.9555364,,,
CsSnCl3,1,100000000000000,100000000000000,13.9357688,,,
CsSnCl3,1,100000000000000,1E15,13.6863972,,,
CsSnCl3,1,1E15,10000000000,11.7770728,,,
CsSnCl3,1,1E15,100000000000,11.7770426,,,
CsSnCl3,1,1E15,1000000000000,11.7767407,,,
CsSnCl3,1,1E15,10000000000000,11.7737165,,,
CsSnCl3,1,1E15,100000000000000,11.7429621,,,
CsSnCl3,1,1E15,1E15,11.3672681,,,
CsSnCl3,1,1E16,10000000000,9.2146444,,,
CsSnCl3,1,1E16,100000000000,9.21462413,,,
CsSnCl3,1,1E16,1000000000000,9.21442139,,,
CsSnCl3,1,1E16,10000000000000,9.2123873,,,
CsSnCl3,1,1E16,100000000000000,9.19135412,,,
CsSnCl3,1,1E16,1E15,8.87162025,,,
CsSnI3,0.1,1000000000000,10000000000,0.0183085709,,,
CsSnI3,0.1,1000000000000,100000000000,0.0183085716,,,
CsSnI3,0.1,1000000000000,1000000000000,0.0183085677,,,
CsSnI3,0.1,1000000000000,10000000000000,0.0183085214,,,
CsSnI3,0.1,1000000000000,100000000000000,0.0183080762,,,
CsSnI3,0.1,1000000000000,1E15,0.0183036019,,,
CsSnI3,0.1,10000000000000,10000000000,0.0183080106,,,
CsSnI3,0.1,10000000000000,100000000000,0.0183080101,,,
CsSnI3,0.1,10000000000000,1000000000000,0.0183080056,,,
CsSnI3,0.1,10000000000000,10000000000000,0.0183079598,,,
CsSnI3,0.1,10000000000000,100000000000000,0.0183075137,,,
CsSnI3,0.1,10000000000000,1E15,0.018303028,,,
CsSnI3,0.1,100000000000000,10000000000,0.0183024258,,,
CsSnI3,0.1,100000000000000,100000000000,0.0183024243,,,
CsSnI3,0.1,100000000000000,1000000000000,0.0183024197,,,
CsSnI3,0.1,100000000000000,10000000000000,0.0183023757,,,
CsSnI3,0.1,100000000000000,100000000000000,0.0183019191,,,
CsSnI3,0.1,100000000000000,1E15,0.0182973454,,,
CsSnI3,0.1,1E15,10000000000,0.0182496772,,,
CsSnI3,0.1,1E15,100000000000,0.0182496753,,,
CsSnI3,0.1,1E15,1000000000000,0.0182496728,,,
CsSnI3,0.1,1E15,10000000000000,0.0182496179,,,
CsSnI3,0.1,1E15,100000000000000,0.0182490838,,,
CsSnI3,0.1,1E15,1E15,0.018243703,,,
CsSnI3,0.1,1E16,10000000000,0.0178966866,,,
CsSnI3,0.1,1E16,100000000000,0.0178966747,,,
CsSnI3,0.1,1E16,1000000000000,0.0178966702,,,
CsSnI3,0.1,1E16,10000000000000,0.0178965816,,,
CsSnI3,0.1,1E16,100000000000000,0.0178956694,,,
CsSnI3,0.1,1E16,1E15,0.0178865534,,,
CsSnI3,0.2,1000000000000,10000000000,0.0159240139,,,
CsSnI3,0.2,1000000000000,100000000000,0.0159240146,,,
CsSnI3,0.2,1000000000000,1000000000000,0.0159240111,,,
CsSnI3,0.2,1000000000000,10000000000000,0.0159239551,,,
CsSnI3,0.2,1000000000000,100000000000000,0.0159234438,,,
CsSnI3,0.2,1000000000000,1E15,0.0159182782,,,
CsSnI3,0.2,10000000000000,10000000000,0.0159195295,,,
CsSnI3,0.2,10000000000000,100000000000,0.0159195285,,,
CsSnI3,0.2,10000000000000,1000000000000,0.0159195225,,,
CsSnI3,0.2,10000000000000,10000000000000,0.0159194666,,,
CsSnI3,0.2,10000000000000,100000000000000,0.0159189319,,,
CsSnI3,0.2,10000000000000,1E15,0.0159135218,,,
CsSnI3,0.2,100000000000000,10000000000,0.0158765752,,,
CsSnI3,0.2,100000000000000,100000000000,0.0158765749,,,
CsSnI3,0.2,100000000000000,1000000000000,0.0158765654,,,
CsSnI3,0.2,100000000000000,10000000000000,0.0158764905,,,
CsSnI3,0.2,100000000000000,100000000000000,0.0158757378,,,
CsSnI3,0.2,100000000000000,1E15,0.0158680685,,,
CsSnI3,0.2,1E15,10000000000,0.0155697576,,,
CsSnI3,0.2,1E15,100000000000,0.0155697552,,,
CsSnI3,0.2,1E15,1000000000000,0.0155697373,,,
CsSnI3,0.2,1E15,10000000000000,0.0155695397,,,
CsSnI3,0.2,1E15,100000000000000,0.0155675751,,,
CsSnI3,0.2,1E15,1E15,0.0155475335,,,
CsSnI3,0.2,1E16,10000000000,0.014664076,,,
CsSnI3,0.2,1E16,100000000000,0.0146640574,,,
CsSnI3,0.2,1E16,1000000000000,0.014664063,,,
CsSnI3,0.2,1E16,10000000000000,0.0146637129,,,
CsSnI3,0.2,1E16,100000000000000,0.0146602091,,,
CsSnI3,0.2,1E16,1E15,0.0146245367,,,
CsSnI3,0.3,1000000000000,10000000000,0.015326976,,,
CsSnI3,0.3,1000000000000,100000000000,0.0153269763,,,
CsSnI3,0.3,1000000000000,1000000000000,0.0153269717,,,
CsSnI3,0.3,1000000000000,10000000000000,0.0153269158,,,
CsSnI3,0.3,1000000000000,100000000000000,0.0153263782,,,
CsSnI3,0.3,1000000000000,1E15,0.0153209516,,,
CsSnI3,0.3,10000000000000,10000000000,0.0153152927,,,
CsSnI3,0.3,10000000000000,100000000000,0.0153152939,,,
CsSnI3,0.3,10000000000000,1000000000000,0.0153152877,,,
CsSnI3,0.3,10000000000000,10000000000000,0.0153152269,,,
CsSnI3,0.3,10000000000000,100000000000000,0.0153146097,,,
CsSnI3,0.3,10000000000000,1E15,0.0153084012,,,
CsSnI3,0.3,100000000000000,10000000000,0.0152079664,,,
CsSnI3,0.3,100000000000000,100000000000,0.0152079646,,,
CsSnI3,0.3,100000000000000,1000000000000,0.0152079515,,,
CsSnI3,0.3,100000000000000,10000000000000,0.0152078202,,,
CsSnI3,0.3,100000000000000,100000000000000,0.0152065019,,,
CsSnI3,0.3,100000000000000,1E15,0.0151931122,,,
CsSnI3,0.3,1E15,10000000000,0.0146136031,,,
CsSnI3,0.3,1E15,100000000000,0.0146135984,,,
CsSnI3,0.3,1E15,1000000000000,0.0146135523,,,
CsSnI3,0.3,1E15,10000000000000,0.014613096,,,
CsSnI3,0.3,1E15,100000000000000,0.0146085146,,,
CsSnI3,0.3,1E15,1E15,0.0145602197,,,
CsSnI3,0.3,1E16,10000000000,0.0134776321,,,
CsSnI3,0.3,1E16,100000000000,0.0134776194,,,
CsSnI3,0.3,1E16,1000000000000,0.0134775365,,,
CsSnI3,0.3,1E16,10000000000000,0.0134768438,,,
CsSnI3,0.3,1E16,100000000000000,0.0134697268,,,
CsSnI3,0.3,1E16,1E15,0.0133923784,,,
CsSnI3,0.4,1000000000000,10000000000,0.0151954477,,,
CsSnI3,0.4,1000000000000,100000000000,0.0151954475,,,
CsSnI3,0.4,1000000000000,1000000000000,0.0151954419,,,
CsSnI3,0.4,1000000000000,10000000000000,0.0151953864,,,
CsSnI3,0.4,1000000000000,100000000000000,0.0151948448,,,
CsSnI3,0.4,1000000000000,1E15,0.0151893628,,,
CsSnI3,0.4,10000000000000,10000000000,0.0151752453,,,
CsSnI3,0.4,10000000000000,100000000000,0.0151752447,,,
CsSnI3,0.4,10000000000000,1000000000000,0.0151752376,,,
CsSnI3,0.4,10000000000000,10000000000000,0.0151751719,,,
CsSnI3,0.4,10000000000000,100000000000000,0.0151745144,,,
CsSnI3,0.4,10000000000000,1E15,0.0151687735,,,
CsSnI3,0.4,100000000000000,10000000000,0.0150022915,,,
CsSnI3,0.4,100000000000000,100000000000,0.0150022902,,,
CsSnI3,0.4,100000000000000,1000000000000,0.0150022726,,,
CsSnI3,0.4,100000000000000,10000000000000,0.0150020981,,,
CsSnI3,0.4,100000000000000,100000000000000,0.0150003599,,,
CsSnI3,0.4,100000000000000,1E15,0.0149834327,,,
CsSnI3,0.4,1E15,10000000000,0.0141773659,,,
CsSnI3,0.4,1E15,100000000000,0.0141773569,,,
CsSnI3,0.4,1E15,1000000000000,0.0141772842,,,
CsSnI3,0.4,1E15,10000000000000,0.014176523,,,
CsSnI3,0.4,1E15,100000000000000,0.0141688893,,,
CsSnI3,0.4,1E15,1E15,0.0140904266,,,
CsSnI3,0.4,1E16,10000000000,0.0129431431,,,
CsSnI3,0.4,1E16,100000000000,0.0129431183,,,
CsSnI3,0.4,1E16,1000000000000,0.0129430079,,,
CsSnI3,0.4,1E16,10000000000000,0.0129418943,,,
CsSnI3,0.4,1E16,100000000000000,0.0129306102,,,
CsSnI3,0.4,1E16,1E15,0.0128105618,,,
CsSnI3,0.5,1000000000000,10000000000,0.0151801226,,,
CsSnI3,0.5,1000000000000,100000000000,0.0151801246,,,
CsSnI3,0.5,1000000000000,1000000000000,0.0151801175,,,
CsSnI3,0.5,1000000000000,10000000000000,0.0151800632,,,
CsSnI3,0.5,1000000000000,100000000000000,0.0151795176,,,
CsSnI3,0.5,1000000000000,1E15,0.0151740326,,,
CsSnI3,0.5,10000000000000,10000000000,0.0151525908,,,
CsSnI3,0.5,10000000000000,100000000000,0.015152592,,,
CsSnI3,0.5,10000000000000,1000000000000,0.0151525851,,,
CsSnI3,0.5,10000000000000,10000000000000,0.0151525188,,,
CsSnI3,0.5,10000000000000,100000000000000,0.0151518345,,,
CsSnI3,0.5,10000000000000,1E15,0.0151459244,,,
CsSnI3,0.5,100000000000000,10000000000,0.014918836,,,
CsSnI3,0.5,100000000000000,100000000000,0.014918834,,,
CsSnI3,0.5,100000000000000,1000000000000,0.0149188134,,,
CsSnI3,0.5,100000000000000,10000000000000,0.0149186086,,,
CsSnI3,0.5,100000000000000,100000000000000,0.0149165705,,,
CsSnI3,0.5,100000000000000,1E15,0.0148979201,,,
CsSnI3,0.5,1E15,10000000000,0.0139198677,,,
CsSnI3,0.5,1E15,100000000000,0.0139198603,,,
CsSnI3,0.5,1E15,1000000000000,0.0139197583,,,
CsSnI3,0.5,1E15,10000000000000,0.013918724,,,
CsSnI3,0.5,1E15,100000000000000,0.0139083349,,,
CsSnI3,0.5,1E15,1E15,0.0138008402,,,
CsSnI3,0.5,1E16,10000000000,0.0126410163,,,
CsSnI3,0.5,1E16,100000000000,0.0126409937,,,
CsSnI3,0.5,1E16,1000000000000,0.0126408429,,,
CsSnI3,0.5,1E16,10000000000000,0.012639387,,,
CsSnI3,0.5,1E16,100000000000000,0.0126196232,,,
CsSnI3,0.5,1E16,1E15,0.0124566265,,,
CsSnI3,0.6,1000000000000,10000000000,0.0151893209,,,
CsSnI3,0.6,1000000000000,100000000000,0.015189323,,,
CsSnI3,0.6,1000000000000,1000000000000,0.0151893137,,,
CsSnI3,0.6,1000000000000,10000000000000,0.0151892617,,,
CsSnI3,0.6,1000000000000,100000000000000,0.0151887126,,,
CsSnI3,0.6,1000000000000,1E15,0.015183956,,,
CsSnI3,0.6,10000000000000,10000000000,0.0151553376,,,
CsSnI3,0.6,10000000000000,100000000000,0.0151553378,,,
CsSnI3,0.6,10000000000000,1000000000000,0.0151553304,,,
CsSnI3,0.6,10000000000000,10000000000000,0.0151552593,,,
CsSnI3,0.6,10000000000000,100000000000000,0.0151545555,,,
CsSnI3,0.6,10000000000000,1E15,0.0151485145,,,
CsSnI3,0.6,100000000000000,10000000000,0.0148647974,,,
CsSnI3,0.6,100000000000000,100000000000,0.0148647952,,,
CsSnI3,0.6,100000000000000,1000000000000,0.0148647717,,,
CsSnI3,0.6,100000000000000,10000000000000,0.014864537,,,
CsSnI3,0.6,100000000000000,100000000000000,0.0148622092,,,
CsSnI3,0.6,100000000000000,1E15,0.0148418161,,,
CsSnI3,0.6,1E15,10000000000,0.0137338448,,,
CsSnI3,0.6,1E15,100000000000,0.0137338299,,,
CsSnI3,0.6,1E15,1000000000000,0.0137337027,,,
CsSnI3,0.6,1E15,10000000000000,0.013732438,,,
CsSnI3,0.6,1E15,100000000000000,0.0137196628,,,
CsSnI3,0.6,1E15,1E15,0.0135814713,,,
CsSnI3,0.6,1E16,10000000000,0.0124409447,,,
CsSnI3,0.6,1E16,100000000000,0.0124409272,,,
CsSnI3,0.6,1E16,1000000000000,0.0124407331,,,
CsSnI3,0.6,1E16,10000000000000,0.0124389531,,,
CsSnI3,0.6,1E16,100000000000000,0.0124207979,,,
CsSnI3,0.6,1E16,1E15,0.0122072499,,,
CsSnI3,0.7,1000000000000,10000000000,0.0152015583,,,
CsSnI3,0.7,1000000000000,100000000000,0.015201559,,,
CsSnI3,0.7,1000000000000,1000000000000,0.0152015544,,,
CsSnI3,0.7,1000000000000,10000000000000,0.0152014983,,,
CsSnI3,0.7,1000000000000,100000000000000,0.0152009482,,,
CsSnI3,0.7,1000000000000,1E15,0.0151961244,,,
CsSnI3,0.7,10000000000000,10000000000,0.01516041,,,
CsSnI3,0.7,10000000000000,100000000000,0.0151604094,,,
CsSnI3,0.7,10000000000000,1000000000000,0.0151604007,,,
CsSnI3,0.7,10000000000000,10000000000000,0.0151603298,,,
CsSnI3,0.7,10000000000000,100000000000000,0.0151596025,,,
CsSnI3,0.7,10000000000000,1E15,0.0151534331,,,
CsSnI3,0.7,100000000000000,10000000000,0.0148163616,,,
CsSnI3,0.7,100000000000000,100000000000,0.014816359,,,
CsSnI3,0.7,100000000000000,1000000000000,0.0148163316,,,
CsSnI3,0.7,100000000000000,10000000000000,0.0148160659,,,
CsSnI3,0.7,100000000000000,100000000000000,0.0148134204,,,
CsSnI3,0.7,100000000000000,1E15,0.0147911138,,,
CsSnI3,0.7,1E15,10000000000,0.0135913248,,,
CsSnI3,0.7,1E15,100000000000,0.013591301,,,
CsSnI3,0.7,1E15,1000000000000,0.0135908073,,,
CsSnI3,0.7,1E15,10000000000000,0.0135892475,,,
CsSnI3,0.7,1E15,100000000000000,0.0135686286,,,
CsSnI3,0.7,1E15,1E15,0.0133996864,,,
CsSnI3,0.7,1E16,10000000000,0.0122953816,,,
CsSnI3,0.7,1E16,100000000000,0.0122953601,,,
CsSnI3,0.7,1E16,1000000000000,0.012295154,,,
CsSnI3,0.7,1E16,10000000000000,0.0122930854,,,
CsSnI3,0.7,1E16,100000000000000,0.0122724427,,,
CsSnI3,0.7,1E16,1E15,0.0120157976,,,
CsSnI3,0.8,1000000000000,10000000000,0.0152112763,,,
CsSnI3,0.8,1000000000000,100000000000,0.0152112751,,,
CsSnI3,0.8,1000000000000,1000000000000,0.0152112705,,,
CsSnI3,0.8,1000000000000,10000000000000,0.0152112149,,,
CsSnI3,0.8,1000000000000,100000000000000,0.0152106644,,,
CsSnI3,0.8,1000000000000,1E15,0.0152051495,,,
CsSnI3,0.8,10000000000000,10000000000,0.0151630241,,,
CsSnI3,0.8,10000000000000,100000000000,0.0151630239,,,
CsSnI3,0.8,10000000000000,1000000000000,0.0151630158,,,
CsSnI3,0.8,10000000000000,10000000000000,0.0151629411,,,
CsSnI3,0.8,10000000000000,100000000000000,0.0151621907,,,
CsSnI3,0.8,10000000000000,1E15,0.0151558934,,,
CsSnI3,0.8,100000000000000,10000000000,0.0147683407,,,
CsSnI3,0.8,100000000000000,100000000000,0.0147683381,,,
CsSnI3,0.8,100000000000000,1000000000000,0.0147683105,,,
CsSnI3,0.8,100000000000000,10000000000000,0.0147680049,,,
CsSnI3,0.8,100000000000000,100000000000000,0.0147650077,,,
CsSnI3,0.8,100000000000000,1E15,0.0147405022,,,
CsSnI3,0.8,1E15,10000000000,0.0134605856,,,
CsSnI3,0.8,1E15,100000000000,0.0134605758,,,
CsSnI3,0.8,1E15,1000000000000,0.013460403,,,
CsSnI3,0.8,1E15,10000000000000,0.0134586199,,,
CsSnI3,0.8,1E15,100000000000000,0.0134403012,,,
CsSnI3,0.8,1E15,1E15,0.0132448901,,,
CsSnI3,0.8,1E16,10000000000,0.0121835766,,,
CsSnI3,0.8,1E16,100000000000,0.0121835542,,,
CsSnI3,0.8,1E16,1000000000000,0.012183326,,,
CsSnI3,0.8,1E16,10000000000000,0.0121810506,,,
CsSnI3,0.8,1E16,100000000000000,0.0121574958,,,
CsSnI3,0.8,1E16,1E15,0.0118640122,,,
CsSnI3,0.9,1000000000000,10000000000,0.0152182073,,,
CsSnI3,0.9,1000000000000,100000000000,0.0152182065,,,
CsSnI3,0.9,1000000000000,1000000000000,0.0152182003,,,
CsSnI3,0.9,1000000000000,10000000000000,0.0152181448,,,
CsSnI3,0.9,1000000000000,100000000000000,0.0152175913,,,
CsSnI3,0.9,1000000000000,1E15,0.0152120657,,,
CsSnI3,0.9,10000000000000,10000000000,0.0151629018,,,
CsSnI3,0.9,10000000000000,100000000000,0.0151628999,,,
CsSnI3,0.9,10000000000000,1000000000000,0.0151628948,,,
CsSnI3,0.9,10000000000000,10000000000000,0.0151628159,,,
CsSnI3,0.9,10000000000000,100000000000000,0.0151620442,,,
CsSnI3,0.9,10000000000000,1E15,0.0151556182,,,
CsSnI3,0.9,100000000000000,10000000000,0.0147201958,,,
CsSnI3,0.9,100000000000000,100000000000,0.0147201941,,,
CsSnI3,0.9,100000000000000,1000000000000,0.0147201598,,,
CsSnI3,0.9,100000000000000,10000000000000,0.0147198181,,,
CsSnI3,0.9,100000000000000,100000000000000,0.0147157363,,,
CsSnI3,0.9,100000000000000,1E15,0.0146905763,,,
CsSnI3,0.9,1E15,10000000000,0.0133520759,,,
CsSnI3,0.9,1E15,100000000000,0.0133520544,,,
CsSnI3,0.9,1E15,1000000000000,0.0133518492,,,
CsSnI3,0.9,1E15,10000000000000,0.0133497608,,,
CsSnI3,0.9,1E15,100000000000000,0.0133284039,,,
CsSnI3,0.9,1E15,1E15,0.0131085753,,,
CsSnI3,0.9,1E16,10000000000,0.0120939383,,,
CsSnI3,0.9,1E16,100000000000,0.0120939155,,,
CsSnI3,0.9,1E16,1000000000000,0.0120936666,,,
CsSnI3,0.9,1E16,10000000000000,0.01209119,,,
CsSnI3,0.9,1E16,100000000000000,0.0120668706,,,
CsSnI3,0.9,1E16,1E15,0.0117423801,,,
CsSnI3,1,1000000000000,10000000000,0.0152229498,,,
CsSnI3,1,1000000000000,100000000000,0.0152229496,,,
CsSnI3,1,1000000000000,1000000000000,0.0152229439,,,
CsSnI3,1,1000000000000,10000000000000,0.015222888,,,
CsSnI3,1,1000000000000,100000000000000,0.015222333,,,
CsSnI3,1,1000000000000,1E15,0.0152167962,,,
CsSnI3,1,10000000000000,10000000000,0.0151606389,,,
CsSnI3,1,10000000000000,100000000000,0.0151606396,,,
CsSnI3,1,10000000000000,1000000000000,0.0151606319,,,
CsSnI3,1,10000000000000,10000000000000,0.0151605504,,,
CsSnI3,1,10000000000000,100000000000000,0.015159756,,,
CsSnI3,1,10000000000000,1E15,0.0151532048,,,
CsSnI3,1,100000000000000,10000000000,0.0146713356,,,
CsSnI3,1,100000000000000,100000000000,0.0146713295,,,
CsSnI3,1,100000000000000,1000000000000,0.014671292,,,
CsSnI3,1,100000000000000,10000000000000,0.014670936,,,
CsSnI3,1,100000000000000,100000000000000,0.0146673999,,,
CsSnI3,1,100000000000000,1E15,0.0146398681,,,
CsSnI3,1,1E15,10000000000,0.0132566553,,,
CsSnI3,1,1E15,100000000000,0.0132566332,,,
CsSnI3,1,1E15,1000000000000,0.0132564101,,,
CsSnI3,1,1E15,10000000000000,0.0132541798,,,
CsSnI3,1,1E15,100000000000000,0.0132312076,,,
CsSnI3,1,1E15,1E15,0.0129873642,,,
CsSnI3,1,1E16,10000000000,0.0120204967,,,
CsSnI3,1,1E16,100000000000,0.0120204745,,,
CsSnI3,1,1E16,1000000000000,0.0120202083,,,
CsSnI3,1,1E16,10000000000000,0.0120184669,,,
CsSnI3,1,1E16,100000000000000,0.0119924418,,,
CsSnI3,1,1E16,1E15,0.0116459931,,,
